n,eq,titulo,lectura,caracteristicas,sugerencias
1,70,Origen / Identidad Digital,Nacimiento de comunidades virtuales,Autoconstrucción narrativa,Define biografía digital
2,69,Dualidad / Polos Conectados,Polarización algorítmica,Ecos cerrados,Usa filtros de diversidad
3,68,Tríada / Sinergia 3.0,Colaboración talento-creatividad-tech,Trabajo remoto,Indicadores claros
n,eq,titulo,lectura,caracteristicas,sugerencias
1,70,Origen Identidad Digital,nacimiento comunidades virtuales,-,-
2,69,Dualidad Polos Conectados,polarizacion algoritimica,-,-
3,68,Triada Sinergia 30,colaboracion talento creatividad tecnologia,-,-
4,67,Estructura Control Algoritmico,ciudades inteligentes vigilancia datos,-,-
5,66,Cambio Disrupcion Viral,hashtags movimientos sociales,-,-
6,65,Armonia Comunidad Conectada,apoyo emocional en apps,-,-
7,64,Ritmo Cadencia Agil,rituales sprints trabajo,-,-
8,63,Escala Asimetria Global,concentracion poder datos,-,-
9,62,Cierre Retroaprendizaje,revision post evento,-,-
10,61,Reglas Codigo Abierto Global,estandarizacion interoperabilidad,-,-
11,60,Umbral Revolucion Tech,interfaces neuronales transicion,-,-
12,59,Ciclo Anual Memoria Colectiva,lecciones por temporada,-,-
13,58,Disrupcion Desinformacion Hiperreal,deepfakes conspiraciones,-,-
14,57,Limite Crisis Climatica,fenomenos extremos accion inmediata,-,-
15,56,Atencion Economia del Foco,microcontenidos deficit atencion,-,-
16,55,Tipologias Diversidad Critica,microcomunidades creativas,-,-
17,54,Resistencia Activismo en Red,coaliciones globales derechos,-,-
18,53,Manipulacion Narrativa Dirigida,publicidad conductual segmentacion,-,-
19,52,Iluminacion Despertar Colectivo,educacion critica masiva,-,-
20,51,Juicio Rendicion Algoritmica,evaluaciones publicas trazables,-,-
21,50,Exilio Movilidad Digital,identidad documentacion en nube,-,-
22,49,Constructor Pactos Creativos,alianzas tecnologia contratos,-,-
23,48,Ansiedad Hipervelocidad,estres aceleracion cultural,-,-
24,47,Familia Red Siempre Encendida,convivencia conectividad permanente,-,-
25,46,Celebracion Ocio Consciente,eventos hibridos inmersivos,-,-
26,45,Silencio Invisibilidad Social,marginalidad brecha acceso,-,-
27,44,Alteridad Emprendimiento Local,startups impacto diversidad,-,-
28,43,Abundancia Desperdicio Digital,big data no usado,-,-
29,42,Creacion Ciencia Abierta Total,investigacion colaborativa global,-,-
30,41,Soledad Umbral Humano,desconexion emocional redes,-,-
31,40,Laberinto Complejidad Extrema,interdependencia riesgo cascada,-,-
32,39,Espejo Datos Personales,autoevaluacion metricas vitales,-,-
33,38,Maestro Educacion XR,aprendizaje inmersivo,-,-
34,37,Aprendizaje Flujo Logistico,cadena suministros aula,-,-
35,36,Confusion Ruido Digital,infoxicación fake news,-,-
36,35,Paciencia Microhabito Global,mejoras por microacciones,-,-
37,34,Alianza Global Innovadores Raros,minorías disruptivas protegidas,-,-
38,33,Confrontacion Riesgo en Red,conflictos amplificados,-,-
39,32,Curacion Ciudades Restaurativas,urbanismo que repara,-,-
40,31,Travesia Protocolos Cuarentena,movilidad controlada crisis,-,-
41,30,Reflejo Historial Vivo,observacion archivada tiempo real,-,-
42,29,Sombra Subconsciente Colectivo,tendencias ocultas bigdata,-,-
43,28,Ancla Tradicion Aumentada,costumbres con tecnologia,-,-
44,27,Despertar Justicia Algoritmica,auditoria sesgos IA,-,-
45,26,Puente Mediacion Digital,dialogo intercultural asistido,-,-
46,25,Huella Transicion Energetica Digital,optimizar consumo datos energia,-,-
47,24,Horizonte Narrativa Futura,vision 10 a 30 anios,-,-
48,23,Venganza Conflicto Ciclico,espirales cancelacion,-,-
49,22,Semilla Innovacion Local,ideas pequeñas gran impacto,-,-
50,21,Fin Poda Estrategica,simplificacion proactiva,-,-
51,20,Transformacion Cambio Institucional,adaptacion en tiempo real,-,-
52,19,Trampa Bucle Productividad,burnout cronico,-,-
53,18,Rebelion Educacion en Red,alfabetizacion critica digital,-,-
54,17,Fortaleza Cultura del Cuidado,infraestructuras apoyo mutuo,-,-
55,16,Espejismo Crecimiento Vacio,metricas superficiales exito,-,-
56,15,Melancolia Mito del Pasado,nostalgia amplificada,-,-
57,14,Conspiracion Transparencia Radical,desconfianza total datos abiertos,-,-
58,13,Promesa Optimismo Escalable,innovaciones con impacto,-,-
59,12,Conclusion Decision Basada en Datos,resoluciones con metricas,-,-
60,11,Legado Coordinacion Intergeneracional,planificacion multigeneracion,-,-
61,10,Identidad Minorias Motrices,pequenos colectivos transforman,-,-
62,9,Lucha Seguridad Integral,proteccion fisica cibernetica,-,-
63,8,Olvido Gestion de Memoria,curaduria narrativa social,-,-
64,7,Ilusion Metaverso Escalable,mundos virtuales masivos,-,-
65,6,Sanacion Mentoria Vital,redes tutelaje,-,-
66,5,Desconexion Blanqueo Social,nomadismo digital extremo,-,-
67,4,Resiliencia Equilibrio Inestable,fluctuacion post crisis,-,-
68,3,Renacimiento Protesta Creativa,expresion artistica catalizador,-,-
69,2,Fusion Pactos Win Win,integracion estrategica intercultural,-,-
70,1,Circulo Regeneracion Total,retorno esencial tecnologia verde,-,-